{"cameraMode":{"drawMode":0,"name":"Shaded","section":"Shading Mode"},"sceneLighting":true,"audioPlay":false,"sceneViewState":{"m_AlwaysRefresh":false,"showFog":true,"showSkybox":true,"showFlares":true,"showImageEffects":true,"showParticleSystems":true,"showVisualEffectGraphs":true,"m_FxEnabled":true},"in2DMode":false,"pivot":{"x":4.342164993286133,"y":0.6126207113265991,"z":342.6644592285156},"rotation":{"x":0.16735219955444337,"y":-0.11482033133506775,"z":0.02002985216677189,"w":0.9789848327636719},"size":108.93753814697266,"orthographic":false}